{"A": [0.5, 0.4999999999999999], "b": 1.1102230246251565e-16}